email,password
aaravsharma101@gmail.com,12345
meerajoshi102@yahoo.com,987654
parasnavsar103@outlook.com,1122334
rohanpatil104@gmail.com,55667788
sanyakapoor105@yahoo.com,99988
karansingh106@hotmail.com,444555
ishadesai107@gmail.com,3332221
adityamehta108@yahoo.com,77766655
nehareddy109@outlook.com,12123
varungupta110@gmail.com,454567
ananyarao111@yahoo.com,8989098
dhruvmalhotra112@gmail.com,67674545
poojachavan113@hotmail.com,23235
yashverma114@yahoo.com,787843
riyanair115@gmail.com,3434878
siddharthjain116@outlook.com,90901212
tanyabhatia117@yahoo.com,56567
amitabhdeshmukh118@gmail.com,131324
simrankaur119@hotmail.com,4646575
raghavmalhotra120@yahoo.com,91910202
snehaiyer121@gmail.com,57576
krishnareddy122@outlook.com,141435
diyakapoor123@yahoo.com,4747464
akashsharma124@gmail.com,92921313
nishajain125@hotmail.com,58582
ritvikmehra126@yahoo.com,151526
anikarao127@gmail.com,4848373
manavsingh128@outlook.com,93930404
kavyanair129@yahoo.com,59591
devanshchoudhary130@gmail.com,161627
priyasingh131@gmail.com,112358
tanmayjoshi132@yahoo.com,22334455
anushkaverma133@outlook.com,556677
shreyapatel134@gmail.com,77889900
divyasharma135@yahoo.com,33445566
rahulgupta136@hotmail.com,998877
kritikamehta137@gmail.com,44556677
meghashah138@yahoo.com,66778899
vikasreddy139@outlook.com,11223344
ishaanverma140@gmail.com,55667788